{
  "version": "2.1",
  "device": "Rokid AR Glasses",
  "timestamp": "2025-07-11T20:32:42.906488",
  "method": "multi-position",
  "bias": [
    0.11994243173181365,
    0.9687632098577659,
    0.2805265404009505
  ],
  "statistics": {
    "position_biases": {
      "neutral": [
        0.13398266027087566,
        1.0612778037757045,
        0.27505962849083154
      ],
      "up": [
        0.12917830610153383,
        1.0985674451513532,
        -0.04148183033942221
      ],
      "down": [
        0.1236476802147188,
        0.8013796499626609,
        0.7281048319015881
      ],
      "left": [
        0.12399160593780523,
        1.061401162629874,
        0.2754241388361631
      ],
      "right": [
        0.13362032771709412,
        1.0659706291996378,
        0.2793062272539597
      ],
      "tilt_left": [
        0.029732260510222375,
        0.788443454704334,
        0.19888678574524032
      ],
      "tilt_right": [
        0.1373637242923218,
        0.719273135744922,
        0.2593198247385313
      ]
    },
    "position_stats": {
      "neutral": {
        "std": [
          0.015606022092166254,
          0.01740317857154211,
          0.02359394082908338
        ],
        "samples": 175,
        "outliers_removed": 50
      },
      "up": {
        "std": [
          0.035068270725984174,
          0.08626043306503542,
          0.08669635092729393
        ],
        "samples": 146,
        "outliers_removed": 54
      },
      "down": {
        "std": [
          0.02347491615494566,
          0.040680156917547936,
          0.02388473486367588
        ],
        "samples": 118,
        "outliers_removed": 37
      },
      "left": {
        "std": [
          0.01576260211796607,
          0.012261792646704782,
          0.01817199625406949
        ],
        "samples": 130,
        "outliers_removed": 31
      },
      "right": {
        "std": [
          0.01330157070715939,
          0.010695819037412194,
          0.01346405882401608
        ],
        "samples": 170,
        "outliers_removed": 12
      },
      "tilt_left": {
        "std": [
          0.08777074883896996,
          0.043549564958537595,
          0.06520437618463189
        ],
        "samples": 127,
        "outliers_removed": 16
      },
      "tilt_right": {
        "std": [
          0.06972974078806177,
          0.036305463191312046,
          0.03879167446286113
        ],
        "samples": 107,
        "outliers_removed": 34
      }
    },
    "overall_std": [
      0.03551331893886859,
      0.15181102018056697,
      0.2108387415650202
    ],
    "overall_range": [
      0.10763146378209942,
      0.37929430940643116,
      0.7695866622410104
    ],
    "positions_used": 7
  },
  "parameters": {
    "duration_per_position": 5.0,
    "gyro_threshold": 0.1,
    "total_packets": 1576
  }
}